date,burger_sales,instagram_cost,bing_cost,facebook_cost,google_cost,pinterest_cost,tiktok_cost
2020-01-01,950,0.0,0.0,1.0411,4.4474,0.0,0.0
2020-01-02,1340,0.5825,0.0,2.597,6.561100000000001,0.0,0.0
2020-01-03,1370,0.5515,0.0,2.58,6.500299999999999,0.0,0.0
2020-01-04,1160,0.0,0.0,2.2455,6.4996,0.0,0.0
2020-01-05,1070,0.54,0.0,1.7511,6.499099999999999,0.0,0.0
2020-01-06,1290,0.8385,0.0,2.6213,10.9151,0.0,0.0
2020-01-07,1750,0.6533,0.0,2.4349,10.7747,0.0,0.0
2020-01-08,1480,0.5774,0.0,3.3418,12.7559,0.0,0.0
2020-01-09,1680,0.642,0.0,2.0202,23.3851,0.0,0.0
2020-01-10,1800,0.8697999999999999,0.0,2.2804,17.9535,0.0,0.0
2020-01-11,1360,0.5815,0.0,1.4111,20.3239,0.0,0.0
2020-01-12,1490,0.6269,0.0,1.5922,22.3461,0.0,0.0
2020-01-13,1730,0.5267999999999999,0.0,2.3224,19.91200904,0.0,0.0
2020-01-14,1960,0.5952999999999999,0.0,3.0762585,19.59795697,0.0,0.0
2020-01-15,1690,0.5857,0.0,2.99367127,19.41080666,0.0,0.0
2020-01-16,1640,0.6557000000000001,0.0,3.89950992,15.49185395,0.0,0.0
2020-01-17,1680,0.6143,0.0,2.9935241,15.14713337,0.0,0.0
2020-01-18,1510,0.6567999999999999,0.0,1.76967207,15.21388783,0.0,0.0
2020-01-19,1370,0.5181,0.0,2.38568829,14.52927408,0.0,0.0
2020-01-20,1290,0.5612,0.0,2.449856,8.4922417,0.0,0.0
2020-01-21,1730,0.7098,0.0,3.26104453,15.54345727,0.0,0.0
2020-01-22,1550,0.8187000000000001,0.0,3.37929324,14.5702132,0.0,0.0
2020-01-23,1970,0.5234,0.0,2.51422663,12.68159494,0.0,0.0
2020-01-24,1970,0.6782,0.0,2.33699222,13.47487432,0.0,0.0
2020-01-25,1940,0.5427000000000001,0.0,2.03133876,11.45419298,0.0,0.0
2020-01-26,2050,0.5654,0.0,2.60439962,12.72805531,0.0,0.0
2020-01-27,2040,0.5962000000000001,0.0,2.43516181,15.06566721,0.0,0.0
2020-01-28,1920,0.9315,0.0,2.38477013,12.82765346,0.0,0.0
2020-01-29,1780,0.795,0.0,3.17604974,12.66915549,0.0,0.0
2020-01-30,1860,0.6267999999999999,0.0,3.27244444,13.22605072,0.0,0.0
2020-01-31,1750,0.5567000000000001,0.0,2.11969021,13.81232811,0.0,0.0
2020-02-01,1380,0.5575,0.0,1.82296531,12.16588024,0.0,0.0
2020-02-02,1480,0.0,0.0,1.55925899,11.83560134,0.0,0.0
2020-02-03,1720,0.6361,0.0,2.91238388,17.22029032,0.0,0.0
2020-02-04,1990,0.7302000000000001,0.0,2.78256359,17.04299822,0.0,0.0
2020-02-05,2020,0.9143,0.0,2.156565,13.59556697,0.0,0.0
2020-02-06,1700,0.6357,0.0,4.01928986,14.50594748,0.0,0.0
2020-02-07,1860,0.6075,0.0,3.83841645,14.13944941,0.0,0.0
2020-02-08,1680,0.6292000000000001,0.0,2.57385522,15.95974722,0.0,0.0
2020-02-09,1770,0.5782999999999999,3.3394,2.19743482,12.85429926,0.0,0.0
2020-02-10,2160,0.6671,4.8876,3.24084481,21.09906931,0.0,0.0
2020-02-11,2380,0.6926,4.812,2.7941,18.27325021,0.0,0.0
2020-02-12,2210,0.6998,4.8584,2.5057,18.36308308,0.0,0.0
2020-02-13,2040,0.7173999999999999,4.343,1.8147,16.26069685,0.0,0.0
2020-02-14,1900,0.6355,3.638400000000001,1.8461,14.92937259,0.0,0.0
2020-02-15,1630,0.6159,3.8628,1.0711,17.2515158,0.0,0.0
2020-02-16,1670,0.6181,4.0133,1.7775,17.63726128,0.0,0.0
2020-02-17,1850,0.6069,3.4153,2.3772,17.84736739,0.0,0.0
2020-02-18,2070,0.633,2.3246,2.578,19.26126536,0.0,0.0
2020-02-19,2180,0.5973999999999999,2.3885,2.5426,18.37732475,0.0,0.0
2020-02-20,2090,0.8022,2.5212,2.6646,17.33841504,0.0,0.0
2020-02-21,2050,0.6869,2.4664,1.8218,15.22916759,0.0,0.0
2020-02-22,1680,0.6567999999999999,2.6371,1.7748,14.86209055,0.0,0.0
2020-02-23,1830,0.6346,2.0747,2.2921,13.71199913,0.0,0.0
2020-02-24,2000,0.8358,1.4573,3.4164,15.96846623,0.0,0.0
2020-02-25,2200,0.6475,1.8528,2.8386,16.22511078,0.0,0.0
2020-02-26,2040,0.9817,1.7575,2.1899,14.72747545,0.0,0.0
2020-02-27,2130,0.9282999999999999,1.9804,2.0845,14.20132331,0.0,0.0
2020-02-28,1930,0.653,1.781,1.5631,14.32450204,0.0,0.0
2020-02-29,1780,0.6088,1.455,1.3731,12.2939834,0.0,0.0
2020-03-01,1330,0.5611,0.7091000000000001,1.6341,11.80136976,0.0,0.0
2020-03-02,2310,0.6758,1.6504,2.1475,14.586704,0.0,0.0
2020-03-03,2890,0.6412,1.6897,2.1888,14.74978512,0.0,0.0
2020-03-04,2820,0.0,1.62,0.0,13.80491033,0.0,0.0
2020-03-05,2520,0.0,1.425,0.0,13.24861893,0.0,0.0
2020-03-06,2620,0.0,1.9266,0.0,12.19536707,0.0,0.0
2020-03-07,2210,0.0,1.2827,0.0,11.16640613,0.0,0.0
2020-03-08,1800,0.0,1.4635,0.0,11.31952138,0.0,0.0
2020-03-09,2580,0.0,1.8028,0.0,17.57334767,0.0,0.0
2020-03-10,3140,0.0,1.7114,0.0,18.92668818,0.0,0.0
2020-03-11,2580,0.6637000000000001,1.6718,1.5676,15.65768018,0.0,0.0
2020-03-12,2500,0.8819,1.6275,2.2127,17.81503286,0.0,0.0
2020-03-13,2400,0.8697,1.7726,1.9521,13.08607004,0.0,0.0
2020-03-14,1600,0.6195,1.4194,1.3807,16.18963775,0.0,0.0
2020-03-15,1700,0.6347,1.1672,1.1566,15.96581008,0.0,0.0
2020-03-16,2020,0.604,1.9559,2.1012,19.12345389,0.0,0.0
2020-03-17,1920,0.6545,1.2422,1.9997,20.55640275,0.0,0.0
2020-03-18,2020,0.8372,1.8001,2.2076,20.76196799,0.0,0.0
2020-03-19,1940,0.8427,1.7523,2.0378,18.87933248,0.0,0.0
2020-03-20,1810,0.6366,1.9749,1.5641,18.57188462,0.0,0.0
2020-03-21,1540,0.5957,1.5774,1.3353,17.31189001,0.0,0.0
2020-03-22,1640,0.6425,1.5537,1.8139,19.75223515,0.0,0.0
2020-03-23,1950,0.6412,2.2302,2.4877,23.03201665,0.0,0.0
2020-03-24,2050,0.5886,2.2414,1.9548,23.39803359,0.0,0.0
2020-03-25,2050,0.5758,1.6061,2.1048,16.13751871,0.0,0.0
2020-03-26,1660,0.0,0.0,1.683,7.479221589999999,0.0,0.0
2020-03-27,1570,0.0,0.0,1.8859,9.44250546,0.0,0.0
2020-03-28,1180,0.0,0.0,1.9192,5.63178088,0.0,0.0
2020-03-29,1280,0.0,0.0,1.4241,4.60683519,0.0,0.0
2020-03-30,1430,0.0,0.0,0.9556,4.66882616,0.0,0.0
2020-03-31,1620,0.0,0.0,0.66,2.98755387,0.0,0.0
2020-04-01,1440,0.0,0.0,0.685,3.15966554,0.0,0.0
2020-04-02,1580,0.0,0.0,0.6829,2.92112929,0.0,0.0
2020-04-03,1710,0.0,0.0,0.6658,3.29710261,0.0,0.0
2020-04-04,1610,0.0,0.0,0.689,2.85389493,0.0,0.0
2020-04-05,1090,0.0,0.0,0.6895,2.68335712,0.0,0.0
2020-04-06,1740,0.0,0.0,0.6806,3.24174389,0.0,0.0
2020-04-07,1830,0.0,0.0,0.6727000000000001,3.29928044,0.0,0.0
2020-04-08,1550,0.0,0.0,0.6802,2.94746843,0.0,0.0
2020-04-09,1720,0.0,0.0,0.6755,3.10489323,0.0,0.0
2020-04-10,1620,0.0,0.0,0.6932,3.0606005,0.0,0.0
2020-04-11,1470,0.0,0.0,0.6795,2.54639729,0.0,0.0
2020-04-12,1140,0.0,0.0,0.6604,2.45853354,0.0,0.0
2020-04-13,1790,0.0,0.0,0.6738,4.0239592,0.0,0.0
2020-04-14,1710,0.0,0.0,0.6577999999999999,3.12835494,0.0,0.0
2020-04-15,1830,0.0,0.0,0.6774,3.0162637,0.0,0.0
2020-04-16,1810,0.0,0.0,0.6638,2.74959424,0.0,0.0
2020-04-17,1740,0.0,0.0,0.6605,3.28907347,0.0,0.0
2020-04-18,1590,0.0,0.0,0.6726,2.58732336,0.0,0.0
2020-04-19,1320,0.0,0.0,0.6565,2.61720438,0.0,0.0
2020-04-20,1780,0.0,0.0,0.6722,3.74591134,0.0,0.0
2020-04-21,1720,0.0,0.0,0.6462,3.23887471,0.0,0.0
2020-04-22,1820,0.0,0.0,0.6423,3.03931028,0.0,0.0
2020-04-23,1770,0.0,0.0,0.6484,3.08127932,0.0,0.0
2020-04-24,1840,0.0,0.0,0.655,2.74693814,0.0,0.0
2020-04-25,1490,0.0,0.0,0.6551,2.77634525,0.0,0.0
2020-04-26,1310,0.0,0.0,0.6387999999999999,2.88538081,0.0,0.0
2020-04-27,1790,0.0,0.0,0.6485,3.34282344,0.0,0.0
2020-04-28,1750,0.0,0.0,0.6201,2.78264647,0.0,0.0
2020-04-29,1960,0.0,0.0,0.6555,3.14522872,0.0,0.0
2020-04-30,1940,0.0,0.0,0.5652,2.77028393,0.0,0.0
2020-05-01,1740,0.0,0.0,0.6593,3.05778151,0.0,0.0
2020-05-02,1550,0.0,0.0,0.6879,2.56916658,0.0,0.0
2020-05-03,1440,0.0,0.0,0.6576000000000001,2.93601276,0.0,0.0
2020-05-04,1990,0.0,0.0,0.6949,3.57383109,0.0,0.0
2020-05-05,2030,0.0,0.0,0.6842999999999999,3.18900614,0.0,0.0
2020-05-06,2190,0.0,0.0,0.6598999999999999,2.92559408,0.0,0.0
2020-05-07,2020,0.0,0.0,0.7206,2.85818258,0.0,0.0
2020-05-08,2050,0.0,0.0,0.6762999999999999,2.72363427,0.0,0.0
2020-05-09,1520,0.0,0.0,0.6733,2.72540659,0.0,0.0
2020-05-10,1500,0.0,0.0,0.6484,2.69319422,0.0,0.0
2020-05-11,1970,0.0,0.0,0.6771,4.01060997,0.0,0.0
2020-05-12,1990,0.0,0.0,0.6718,3.18251156,0.0,0.0
2020-05-13,1880,0.0,0.0,0.6788,2.91507071,0.0,0.0
2020-05-14,2090,0.0,0.0,0.6663,2.77719828,0.0,0.0
2020-05-15,2130,0.0,0.0,0.6456000000000001,2.58408299,0.0,0.0
2020-05-16,1570,0.0,0.0,0.6427,2.84604363,0.0,0.0
2020-05-17,1400,0.0,0.0,0.6546000000000001,2.99984421,0.0,0.0
2020-05-18,2050,0.0,0.0,0.6479,3.42339709,0.0,0.0
2020-05-19,2040,0.0,0.0,0.6597000000000001,3.17490396,0.0,0.0
2020-05-20,1770,0.0,0.0,0.6585,2.80824187,0.0,0.0
2020-05-21,1970,0.0,0.0,0.6476000000000001,3.04808075,0.0,0.0
2020-05-22,2070,0.0,0.0,0.6373,2.8285471,0.0,0.0
2020-05-23,1590,0.0,0.0,0.659,2.71917141,0.0,0.0
2020-05-24,1280,0.0,0.0,0.6333,2.06249065,0.0,0.0
2020-05-25,1610,0.0,0.0,0.6461,3.36105541,0.0,0.0
2020-05-26,1720,0.0,0.0,0.6437999999999999,3.58153889,0.0,0.0
2020-05-27,2180,0.0,0.0,0.658,3.307693190000001,0.0,0.0
2020-05-28,1910,0.0,0.0,0.6362000000000001,2.80441798,0.0,0.0
2020-05-29,1980,0.0,0.0,0.6337,2.92801748,0.0,0.0
2020-05-30,1410,0.0,0.0,0.6031,2.26553712,0.0,0.0
2020-05-31,1220,0.0,0.0,0.6003999999999999,2.10727562,0.0,0.0
2020-06-01,1720,0.0,0.0,0.6681,3.52788356,0.0,0.0
2020-06-02,1970,0.0,0.0,0.6869,3.40866374,0.0,0.0
2020-06-03,1920,0.0,0.0,0.6908,3.40092558,0.0,0.0
2020-06-04,1700,0.0,0.0,0.688,2.9484998,0.0,0.0
2020-06-05,1750,0.0,0.0,0.6707000000000001,3.11397073,0.0,0.0
2020-06-06,1250,0.0,0.0,0.684,2.52769476,0.0,0.0
2020-06-07,1350,0.0,0.0,0.6635,2.81285523,0.0,0.0
2020-06-08,1580,0.0,0.0,0.6637000000000001,3.36054643,0.0,0.0
2020-06-09,2220,0.0,0.0,0.6794,3.26242437,0.0,0.0
2020-06-10,1890,0.0,0.0,0.6881,3.08912568,0.0,0.0
2020-06-11,2160,0.0,0.0,0.6715,3.05745174,0.0,0.0
2020-06-12,2190,0.0,0.0,0.6565,3.01610451,0.0,0.0
2020-06-13,1810,0.0,0.0,0.6835,2.20233901,0.0,0.0
2020-06-14,1770,0.0,0.0,0.6686,2.47685762,0.0,0.0
2020-06-15,2810,0.0,0.0,0.683,2.96620772,0.0,0.0
2020-06-16,2700,0.0,0.0,0.6572,3.02370928,0.0,0.0
2020-06-17,2810,0.0,0.0,0.6658999999999999,3.1477134,0.0,0.0
2020-06-18,3090,0.0,0.0,0.6692,3.07096963,0.0,0.0
2020-06-19,2580,0.0,0.0,0.6441,2.71910656,0.0,0.0
2020-06-20,2770,0.0,0.0,0.6582,2.83371029,0.0,0.0
2020-06-21,1820,0.0,0.0,0.6698999999999999,2.42136666,0.0,0.0
2020-06-22,2930,0.0,0.0,0.6625,4.08893444,0.0,0.0
2020-06-23,3160,0.0,0.0,0.6686,3.52865737,0.0,0.0
2020-06-24,3380,0.0,0.0,0.6452,3.27840193,0.0,0.0
2020-06-25,3110,0.0,0.0,0.6321,3.17184684,0.0,0.0
2020-06-26,2950,0.0,0.0,0.6336,3.24125378,0.0,0.0
2020-06-27,2390,0.0,0.0,0.6831,1.99118004,0.0,0.0
2020-06-28,2310,0.0,0.0,0.621,2.23080781,0.0,0.0
2020-06-29,3080,0.0,0.0,0.6193,3.10693089,0.0,0.0
2020-06-30,3650,0.0,0.0,0.5878,3.2083348,0.0,0.0
2020-07-01,3500,0.0,0.0,0.6695,2.90958406,0.0,0.0
2020-07-02,3010,0.0,0.0,0.657,3.05774927,0.0,0.0
2020-07-03,2690,0.0,0.0,0.6581,2.47305786,0.0,0.0
2020-07-04,1930,0.0,0.0,0.6844,2.22208415,0.0,0.0
2020-07-05,1770,0.0,0.0,0.6557999999999999,3.06199786,0.0,0.0
2020-07-06,2950,0.0,0.0,0.6772,4.28447773,0.0,0.0
2020-07-07,3040,0.0,0.0,0.6774,4.77528325,0.0,0.0
2020-07-08,3110,0.0,0.0,0.6765,3.25174718,0.0,0.0
2020-07-09,3110,0.0,0.0,0.6756,4.06745837,0.0,0.0
2020-07-10,2860,0.0,0.0,0.652,2.90538455,0.0,0.0
2020-07-11,2380,0.0,0.0,0.6547000000000001,1.38436734,0.0,0.0
2020-07-12,1950,0.0,0.0,0.6524,1.5851292,0.0,0.0
2020-07-13,2810,0.0,0.0,0.6705,2.52364919,0.0,0.0
2020-07-14,3020,0.0,0.0,0.6209,2.41973736,0.0,0.0
2020-07-15,2440,0.0,0.0,0.6273,2.8183374,0.0,0.0
2020-07-16,2820,0.0,0.0,0.6055,2.59841496,0.0,0.0
2020-07-17,2500,0.0,0.0,0.6001000000000001,2.55166643,0.0,0.0
2020-07-18,1950,0.0,0.0,0.6103999999999999,2.41494777,0.0,0.0
2020-07-19,1690,0.0,0.0,0.5992999999999999,2.67928826,0.0,0.0
2020-07-20,2630,0.0,0.0,0.6143,3.337043330000001,0.0,0.0
2020-07-21,2720,0.0,0.0,0.6008,3.9069057,0.0,0.0
2020-07-22,2970,0.0,0.0,0.6153,4.3063998,0.0,0.0
2020-07-23,2900,0.0,0.0,0.5991000000000001,4.765951159999999,0.0,0.0
2020-07-24,2440,0.0,0.0,0.6041,3.18256088,0.0,0.0
2020-07-25,2000,0.0,0.0,0.5988,2.61371511,0.0,0.0
2020-07-26,1790,0.0,0.0,0.5887,2.94244991,0.0,0.0
2020-07-27,2560,0.0,0.0,0.6102000000000001,3.41801303,0.0,0.0
2020-07-28,2680,0.0,0.0,0.5916,3.37853107,0.0,0.0
2020-07-29,2600,0.0,0.0,0.591,3.04336321,0.0,0.0
2020-07-30,2710,0.0,0.0,0.5729,2.49426771,0.0,0.0
2020-07-31,2460,0.0,0.0,0.5706,2.22862779,0.0,0.0
2020-08-01,2230,0.0,0.0,0.61,2.35061304,0.0,0.0
2020-08-02,1860,0.0,0.0,0.6143,2.24954472,0.0,0.0
2020-08-03,2460,0.0,0.0,0.6544,3.22870449,0.0,0.0
2020-08-04,2820,0.0,0.0,0.6113,4.37349139,0.0,0.0
2020-08-05,2750,0.0,0.0,0.6109,3.758376039999999,0.0,0.0
2020-08-06,2880,0.0,0.0,0.5962000000000001,3.5066133,0.0,0.0
2020-08-07,2520,0.0,0.0,0.612,3.60767878,0.0,0.0
2020-08-08,2120,0.0,0.0,0.5962000000000001,2.71886827,0.0,0.0
2020-08-09,2000,0.0,0.0,0.6003,2.61103861,0.0,0.0
2020-08-10,2460,0.0,0.0,0.6377999999999999,4.784398220000001,0.0,0.0
2020-08-11,2590,0.0,0.0,0.6123999999999999,5.202738510000001,0.0,0.0
2020-08-12,3030,0.0,0.0,0.5969,4.10950716,0.0,0.0
2020-08-13,2740,0.0,0.0,0.5973999999999999,4.13236954,0.0,0.0
2020-08-14,2410,0.0,0.0,0.5906,4.269429619999999,0.0,0.0
2020-08-15,2100,0.0,0.0,0.5962000000000001,4.244075130000001,0.0,0.0
2020-08-16,1880,0.0,0.0,0.5879,2.58451337,0.0,0.0
2020-08-17,2160,0.0,0.0,0.5933999999999999,6.81770692,0.0,0.0
2020-08-18,2420,0.0,0.0,0.6075,5.77405661,0.0,0.0
2020-08-19,2540,0.0,0.0,0.6043999999999999,5.164198819999999,0.0,0.0
2020-08-20,2460,0.0,0.0,0.5949,4.30041135,0.0,0.0
2020-08-21,2250,0.0,0.0,0.5832999999999999,4.69527258,0.0,0.0
2020-08-22,2120,0.0,0.0,0.5995,6.11811243,0.0,0.0
2020-08-23,1840,0.0,0.0,0.5973999999999999,7.281944609999999,0.0,0.0
2020-08-24,2540,0.0,0.0,0.6088,10.82227677,0.0,0.0
2020-08-25,2830,0.0,0.0,0.5858,8.53310103,0.0,0.0
2020-08-26,2630,0.0,0.0,0.5882999999999999,9.1428808,0.0,0.0
2020-08-27,2380,0.0,0.0,0.573,6.74020079,0.0,0.0
2020-08-28,2300,0.0,0.0,0.5738,6.79091953,0.0,0.0
2020-08-29,2180,0.0,0.0,0.5818,5.73656358,0.0,0.0
2020-08-30,1530,0.0,0.0,0.5631,5.60015426,0.0,0.0
2020-08-31,2290,0.0,0.0,0.5602,5.220351340000001,0.0,0.0
2020-09-01,2320,0.0,0.0,0.6241,5.814648000000001,0.0,0.0
2020-09-02,2040,0.0,0.0,0.6029,5.21038165,0.0,0.0
2020-09-03,2290,0.0,0.0,0.6082000000000001,4.60520997,0.0,0.0
2020-09-04,2060,0.0,0.0,0.6134,5.26693061,0.0,0.0
2020-09-05,1780,0.0,0.0,0.6194,4.44623751,0.0,0.0
2020-09-06,1620,0.0,0.0,0.6011,3.99950872,0.0,0.0
2020-09-07,1570,0.0,0.0,0.6017,4.22404137,0.0,0.0
2020-09-08,2410,0.0,0.0,0.6035,7.25113737,0.0,0.0
2020-09-09,2190,0.0,0.0,0.6193,6.48340064,0.0,0.0
2020-09-10,2090,0.0,0.0,0.6161,5.82667923,0.0,0.0
2020-09-11,1990,0.0,0.0,0.6139,6.643767310000001,0.0,0.0
2020-09-12,1610,0.0,0.0,0.6062000000000001,4.63958825,0.0,0.0
2020-09-13,1720,0.0,0.0,0.6068,4.06735083,0.0,0.0
2020-09-14,2270,0.0,0.0,0.6139,6.713522409999999,0.0,0.0
2020-09-15,2380,0.0,0.0,0.6097,6.4070988,0.0,0.0
2020-09-16,2340,0.0,0.0,0.613,5.78087136,0.0,0.0
2020-09-17,2210,0.0,0.0,0.593,5.16043593,0.0,0.0
2020-09-18,2080,0.0,0.0,0.6447999999999999,4.24252729,0.0,0.0
2020-09-19,1570,0.0,0.0,0.5891000000000001,2.81653348,0.0,0.0
2020-09-20,1460,0.0,0.0,0.5938,3.15219088,0.0,0.0
2020-09-21,2120,0.6052000000000001,1.7331,0.5895,5.2768187,0.0,0.0
2020-09-22,2330,0.5943999999999999,1.8597,1.0304,6.606493850000001,0.0,0.0
2020-09-23,2430,0.6554,2.2283,1.1229,6.001298190000001,0.0,0.0
2020-09-24,2350,0.5609,2.2381,1.2091,7.92840549,0.0,0.0
2020-09-25,2370,0.5134,2.2652,1.5313,9.19299519,0.0,0.0
2020-09-26,1820,0.5072,2.2222,1.4513,7.27602956,0.0,0.0
2020-09-27,1570,0.5464,2.4047,1.5322,6.01882103,0.0,0.0
2020-09-28,2120,0.6423,2.6473,1.5163,8.28314021,0.0,0.0
2020-09-29,2400,0.6762,2.6921,1.5371,8.815767229999999,0.0,0.0
2020-09-30,2270,0.6942999999999999,2.5062,1.4426,8.60395208,0.0,0.0
2020-10-01,2710,0.6039,2.3327,1.5223,9.611948270000001,0.0,0.0
2020-10-02,2030,0.5997,1.4257,0.6353,5.997786710000001,0.0,0.0
2020-10-03,1650,0.585,1.4313,0.6337,4.764781380000001,0.0,0.0
2020-10-04,1400,0.5786,1.4224,0.6303,4.016565470000001,0.0,0.0
2020-10-05,2140,0.6011,1.4537,0.6573,6.97104203,0.0,0.0
2020-10-06,2270,0.6043999999999999,1.459,0.8032999999999999,7.682191899999999,0.0,0.0
2020-10-07,2180,0.6037,1.4454,0.8923,7.716362449999999,0.0,0.0
2020-10-08,2110,0.602,1.4588,0.7992999999999999,7.976509839999999,0.0,0.0
2020-10-09,1900,0.618,1.4403,0.8092,5.15534234,0.0,0.0
2020-10-10,1640,0.6003999999999999,1.4525,0.799,3.6222854,0.0,0.0
2020-10-11,1630,0.6038,1.3995,0.8082999999999999,2.70421342,0.0,0.0
2020-10-12,1750,0.6003999999999999,1.4456,0.8096,3.45483185,0.0,0.0
2020-10-13,2100,0.6013,1.4955,0.8079,5.117167029999999,0.0,0.0
2020-10-14,1900,0.6053999999999999,1.5499,0.8015,4.8217147,0.0,0.0
2020-10-15,2080,0.5945,1.4679,0.8059,6.02591536,0.0,0.0
2020-10-16,1730,0.6028,1.4248,0.8007000000000001,4.877923409999999,0.0,0.0
2020-10-17,1540,0.6018,1.3037,0.8252,3.75907306,0.0,0.0
2020-10-18,1300,0.6038,1.4386,0.7985,3.76317041,0.0,0.0
2020-10-19,2110,0.6003,1.2657,1.1315,8.14633624,0.0,0.0
2020-10-20,1960,0.5992999999999999,1.4837,1.1391,10.6151687,0.0,0.0
2020-10-21,1980,0.6005,1.4332,1.1243,11.43327549,0.0,0.0
2020-10-22,2240,0.602,1.4966,1.1782,9.901837879999999,0.0,0.0
2020-10-23,1900,0.6003999999999999,1.4916,1.0935,7.361332609999999,0.0,0.0
2020-10-24,1870,0.5979,1.5009,1.1188,8.0059573,0.0,0.0
2020-10-25,1670,0.6235,1.4899,1.0771,6.648488820000001,0.0,0.0
2020-10-26,1980,0.601,1.4024,1.0703,10.58215862,0.0,0.0
2020-10-27,2200,0.5938,1.495,0.665,13.53187303,0.0,0.0
2020-10-28,2300,0.6242000000000001,1.6153,0.6681,10.14238801,0.0,0.0
2020-10-29,2340,0.5899,1.4988,0.6603,11.24674069,0.0,0.0
2020-10-30,2000,0.5852,1.4991,0.6321,8.89438086,0.0,0.0
2020-10-31,1780,0.5732999999999999,1.1122,0.6246,5.619047500000001,0.0,0.0
2020-11-01,1770,0.5988,1.3886,0.6812,6.618329599999999,0.0,0.0
2020-11-02,2070,0.6027,1.4286,1.0156,10.14141533,0.0,0.0
2020-11-03,2320,0.6021,1.4333,1.0089,7.75962657,0.0,0.0
2020-11-04,1750,0.6033,1.4215,1.0134,6.45831314,0.0,0.0
2020-11-05,2270,0.5726,1.3646,1.0334,8.486595880000001,0.0,0.0
2020-11-06,1620,0.5962000000000001,1.4371,0.9974,6.298439170000001,0.0,0.0
2020-11-07,1450,0.602,1.4243,0.9996,4.357798409999999,0.0,0.0
2020-11-08,1500,0.6033,1.3678,0.9952000000000001,5.47801847,0.0,0.0
2020-11-09,1840,0.6037,1.4807,1.0113,8.17409204,0.0,0.0
2020-11-10,2240,0.605,1.4217,0.9882000000000001,6.89172113,0.0,0.0
2020-11-11,1780,0.5983999999999999,1.4124,0.6728,3.83605799,0.0,0.0
2020-11-12,1740,0.6037,1.4583,0.6344,3.6685963,0.0,0.0
2020-11-13,1790,0.6046,1.266,0.8102,5.548511,0.0,0.0
2020-11-14,1610,0.6019,1.1155,0.8130999999999999,5.36076812,0.0,0.0
2020-11-15,1590,0.6013,1.3164,0.8178,5.3610614,0.0,0.0
2020-11-16,2030,0.6019,1.4347,0.8109,6.76811983,0.0,0.0
2020-11-17,2280,0.6031,1.2545,0.8166,7.202738890000001,0.0,0.0
2020-11-18,3160,0.6031,1.4304,0.8265,5.32903903,0.0,0.0
2020-11-19,2710,0.6003999999999999,1.1012,0.817,5.435883089999999,0.0,0.0
2020-11-20,2260,0.5842999999999999,1.36,0.8221,2.42013076,0.0,0.0
2020-11-21,1670,0.5779,1.2384,0.697,2.06121734,0.0,0.0
2020-11-22,1590,0.589,1.0919,0.7064,2.3467375,0.0,0.0
2020-11-23,1780,0.6058,1.3751,0.9188,2.53298498,0.0,0.0
2020-11-24,1720,0.6033,1.4344,0.9095,2.84268472,0.0,0.0
2020-11-25,2110,0.608,1.0158,0.7352000000000001,2.62981886,0.0,0.0
2020-11-26,3220,0.6038,0.9671000000000001,0.7857000000000001,2.30654652,0.0,0.0
2020-11-27,3970,0.6009,1.0304,0.9518,2.6563418,0.0,0.0
2020-11-28,2600,0.5742,0.7277,0.6547999999999999,2.50140291,0.0,0.0
2020-11-29,2200,0.5451,1.1776,0.9272999999999999,3.62417208,0.0,0.0
2020-11-30,2950,0.6214,1.7104,0.7593,4.00504485,0.0,0.0
2020-12-01,2900,0.6015,1.7249,0.9278,8.61387762,0.0,0.0
2020-12-02,2870,0.6029,1.6925,0.8687999999999999,10.40592946,0.0,0.0
2020-12-03,2290,0.5976,1.7332,0.6902,9.13082094,0.0,0.0
2020-12-04,2260,0.5992999999999999,1.752,0.7431,10.58410548,0.0,0.0
2020-12-05,1940,0.525,1.6508,0.6344,6.410815240000001,0.0,0.0
2020-12-06,1600,0.602,1.4949,0.6819,6.507448460000001,0.0,0.0
2020-12-07,2200,0.6406000000000001,1.7302,0.7285,11.91994936,0.0,0.0
2020-12-08,2320,0.6068,1.735,0.6912,12.38229448,0.0,0.0
2020-12-09,3250,0.6046,1.737,0.712,13.12703168,0.0,0.0
2020-12-10,2580,0.5209,1.7234,1.0505,13.85835443,0.0,0.0
2020-12-11,2340,0.6117,1.4843,0.8822000000000001,9.24941829,0.0,0.0
2020-12-12,2220,0.6001000000000001,1.5008,0.9208,8.22135764,0.0,0.0
2020-12-13,1670,0.6048,1.354,0.671,7.643843070000001,0.0,0.0
2020-12-14,2350,0.6089,1.476,0.8361000000000001,12.42968336,0.0,0.0
2020-12-15,2470,0.6079,1.6965,0.9415,14.04980093,0.0,0.0
2020-12-16,2340,0.6063999999999999,1.6747,0.77,13.10629985,0.0,0.0
2020-12-17,2780,0.6058,3.047,0.9639,13.62147921,0.0,0.0
2020-12-18,2560,0.6053,2.7868,0.9702000000000001,14.0397702,0.0,0.0
2020-12-19,1900,0.608,2.1016,0.6177999999999999,8.19871894,0.0,0.0
2020-12-20,2100,0.6079,1.9972,0.5796,7.3519886,0.0,0.0
2020-12-21,2540,0.5832,3.7129,0.7363,7.890957170000001,0.0,0.0
2020-12-22,2730,0.6256,8.1579,0.6365,3.78742313,0.0,0.0
2020-12-23,2590,0.6073999999999999,7.624400000000001,0.573,3.97208244,0.0,0.0
2020-12-24,2000,0.5457000000000001,6.1349,0.603,3.19984904,0.0,0.0
2020-12-25,1760,0.713,4.0569,0.5656,3.68481512,0.0,0.0
2020-12-26,1920,0.6534,6.399400000000001,0.6284,3.07201176,0.0,0.0
2020-12-27,1850,0.6466000000000001,10.4384,0.6108,3.49518079,0.0,0.0
2020-12-28,2220,0.7604,6.8009,0.6242000000000001,3.78615196,0.0,0.0
2020-12-29,2610,0.7657999999999999,4.3438,0.5993999999999999,4.35840612,0.0,0.0
2020-12-30,2230,0.759,3.6197,0.0,2.2777987,0.0,0.0
2020-12-31,2120,0.7936,5.492900000000001,0.5002,1.72924565,0.0,0.0
2021-01-01,2010,0.6819,2.5507,0.5005,9.720330910000001,0.0,0.0
2021-01-02,2230,0.605,2.6316,0.8202999999999999,10.21675981,0.0,0.0
2021-01-03,2220,0.6048,2.5819,0.663,9.885778259999999,0.0,0.0
2021-01-04,2870,0.605,2.5622,0.8797,10.05675405,0.0,0.0
2021-01-05,2990,0.6018,2.5855,0.8582000000000001,10.30125093,0.0,0.0
2021-01-06,2750,0.6043999999999999,2.6783,0.7837999999999999,12.45916457,0.0,0.0
2021-01-07,6020,0.6329,2.9003,1.1638,34.43954349000001,0.0,0.0
2021-01-08,7790,0.7407999999999999,4.114700000000001,0.8587,50.90334284000001,0.0,0.0
2021-01-09,5460,0.7406,3.446600000000001,0.8846,50.08813748000001,0.0,0.0
2021-01-10,5180,0.7381,3.8707,0.8975,46.12949268000001,0.0,0.0
2021-01-11,6490,1.0221,10.9996,0.9071,53.74093674,0.0,0.0
2021-01-12,6710,1.0716,11.5422,0.9304,51.53202565,0.0,0.0
2021-01-13,5940,1.0657,8.4439,0.9643999999999999,51.12108217,0.0,0.0
2021-01-14,6780,1.0123,10.3286,0.9448,50.87291728,0.0,0.0
2021-01-15,6730,0.9703999999999999,11.0959,0.9989,50.27399184,0.0,0.0
2021-01-16,6360,1.0349,11.5506,1.0807,46.68862772,0.0,0.0
2021-01-17,5470,0.9411,9.7389,0.8104,44.80370043999999,0.0,0.0
2021-01-18,6920,1.0138,10.3821,1.01,56.86175671,0.0,0.0
2021-01-19,9240,1.0458,11.0015,1.0034,73.91113219,0.0,0.0
2021-01-20,9190,1.0835,11.3899,0.936,65.77646734,0.0,0.0
2021-01-21,9100,1.0903,10.9544,0.8652000000000001,50.34560279999999,0.0,0.0
2021-01-22,8310,1.0261,4.6898,0.8256,36.28534388,0.0,0.0
2021-01-23,6050,0.842,4.781,0.8624,31.6118417,0.0,0.0
2021-01-24,5520,0.8192999999999999,3.8831,0.7866000000000001,28.50851779,0.0,0.0
2021-01-25,7850,1.1029,4.668600000000001,1.0745,46.54523235,0.0,0.0
2021-01-26,9020,0.9778,3.8989,1.3487,39.12241197,0.0,0.0
2021-01-27,9160,0.9887999999999999,4.0126,0.9418,48.12543957,0.0,0.0
2021-01-28,14880,0.9057999999999999,4.8937,1.0886,71.44072711,0.0,0.0
2021-01-29,14700,1.0714,6.243600000000001,0.8917999999999999,65.64674769999999,0.0,0.0
2021-01-30,8290,0.9038999999999999,10.0338,1.1112,44.43131077,0.0,0.0
2021-01-31,7440,0.8105999999999999,13.5005,0.9416,50.67768368999999,0.0,0.0
2021-02-01,9650,0.9268,4.7333,1.0068,43.97135247,0.0,0.0
2021-02-02,9610,0.9332,4.9415,0.8447,50.71344798,0.0,0.0
2021-02-03,10730,0.9145,2.3306,1.0817,40.04637562,0.0,0.0
2021-02-04,9540,1.1265,3.4056,1.0412,53.59439727,0.0,0.0
2021-02-05,8660,1.0362,4.8874,1.0701,58.21281633,0.0,0.0
2021-02-06,6460,0.9057000000000001,5.0135,0.9497000000000001,33.39256403,0.0,0.0
2021-02-07,5380,0.8982,4.3664,0.666,32.21404379,0.0,0.0
2021-02-08,8340,1.2386,5.8004,4.5101,89.01605692999999,0.0,0.0
2021-02-09,9770,1.2732,5.879,4.5,89.97473785999999,0.0,0.0
2021-02-10,9750,1.2322,5.591600000000001,4.5,84.41000029,0.0,0.0
2021-02-11,9210,1.2486,5.5762,4.5002,84.51617611,0.0,0.0
2021-02-12,7910,1.0237,5.4222,4.510899999999999,79.67615359999999,0.0,0.0
2021-02-13,6470,1.1102,4.006500000000001,4.1288,55.1127864,0.0,0.0
2021-02-14,5740,0.8522000000000001,3.613200000000001,3.4717,51.97963294,0.0,0.0
2021-02-15,6900,0.9903,6.515500000000001,3.6684,100.40530654,0.0,0.0
2021-02-16,9530,1.2394,6.9638,2.8543,101.82057434,0.0,0.0
2021-02-17,9430,1.2482,5.8412,2.8316,68.03151616,0.0,0.0
2021-02-18,8760,1.2095,4.17,2.8072,66.26054321000001,0.0,0.0
2021-02-19,9760,1.1108,5.215200000000001,2.7073,70.91913461000001,0.0,0.0
2021-02-20,9730,1.0025,4.458,2.7022,65.36838605,0.0,0.0
2021-02-21,7870,0.9352,4.223400000000001,2.6934,61.66403589000001,0.0,0.0
2021-02-22,11570,1.3615,8.4093,2.7446,99.98724404000001,0.0,0.0
2021-02-23,11340,1.3978,8.036,2.6091,91.53690891,0.0,0.0
2021-02-24,11780,1.4434,6.615799999999999,2.5834,91.34660000000001,0.0,0.0
2021-02-25,13990,1.4395,5.2455,2.5765,92.50212314999999,0.0,0.0
2021-02-26,12420,1.24,5.1493,2.5089,98.37230487000001,0.0,0.0
2021-02-27,9940,1.0933,4.7134,2.3977,87.48076374,0.0,0.0
2021-02-28,8370,1.085,5.0832,2.3547,75.62630757999999,0.0,0.0
2021-03-01,12250,1.2486,8.222100000000001,2.5408,84.22942489,0.0,0.0
2021-03-02,12110,1.2385,6.5439,2.5478,81.36810939,0.0,0.0
2021-03-03,12520,1.2328,4.0624,2.5055,85.30486831,0.0,0.0
2021-03-04,11270,1.2234,4.9719,2.4954,77.04381614,0.0,0.0
2021-03-05,10290,1.2035,4.3056,2.454600000000001,65.48137794,0.0,0.0
2021-03-06,7480,1.017,4.304200000000001,2.4607,46.56076808,0.0,0.0
2021-03-07,6530,1.2075,3.9123,2.4709,48.82790659,0.0,0.0
2021-03-08,10110,1.2239,5.6442,2.5605,82.63065189000001,0.0,0.0
2021-03-09,11410,1.2323,6.770899999999999,2.5314,88.29806813999998,0.0,0.0
2021-03-10,10450,1.2469,4.970400000000001,2.4854,83.8030784,0.0,0.0
2021-03-11,9920,1.2387,5.0146,2.4803,81.18662045999999,0.0,0.0
2021-03-12,9030,1.2395,4.666300000000001,2.4384,75.7773677,0.0,0.0
2021-03-13,7650,1.0521,4.4345,2.4436,58.34764151,0.0,0.0
2021-03-14,6070,0.9556,3.3315,2.4552,51.39387457,0.0,0.0
2021-03-15,8880,1.2558,4.839899999999999,2.522,80.59521251,0.0,0.0
2021-03-16,10370,1.2531,4.4617,2.4809,72.11639797,0.0,0.0
2021-03-17,10250,1.2487,4.922099999999999,2.476,72.87234624,0.0,0.0
2021-03-18,9360,1.2175,6.2094,2.4718,72.90334204,0.0,0.0
2021-03-19,8520,1.1452,6.686199999999999,2.1338,50.57921957,0.0,0.0
2021-03-20,5850,1.2017,5.520899999999999,0.7015,32.40970242,0.0,0.0
2021-03-21,5260,1.2523,7.192200000000001,0.9022,31.21486452,0.0,0.0
2021-03-22,8060,1.2212,8.661700000000002,1.5359,53.11138333,0.0,0.0
2021-03-23,9500,1.2473,9.2943,3.7427,95.05293705999999,0.0,0.0
2021-03-24,10380,1.2834,7.532100000000001,4.5,99.05570943000001,0.0,0.0
2021-03-25,10420,1.2443,7.7769,3.5438,102.21273576,0.0,0.0
2021-03-26,9480,1.247,5.7171,2.7844,103.19394781,0.0,0.0
2021-03-27,6530,1.0906,4.2945,2.6927,61.23062709,0.0,0.0
2021-03-28,5710,1.0259,4.5509,2.622,53.36401234999999,0.0,0.0
2021-03-29,9200,1.2412,7.7464,2.4868,92.09849518,0.0,0.0
2021-03-30,9450,1.2553,7.924600000000001,2.2327,93.89739359000001,0.0,0.0
2021-03-31,9510,1.3556,7.0663,1.6058,99.68572747,0.0,0.0
2021-04-01,9680,1.2312,5.622,2.5658,98.8407145,0.0,0.0
2021-04-02,9010,1.241,5.8263,2.5926,83.24806342,0.0,0.0
2021-04-03,7130,0.9378,3.8508,2.5424,65.93559435,0.0,0.0
2021-04-04,5890,0.8875,4.1538,2.5081,55.65271624,0.0,0.0
2021-04-05,8430,1.2225,4.8993,2.5925,95.41473183999999,0.0,0.0
2021-04-06,11190,1.2487,4.379,2.5806,105.38244134,0.0,0.0
2021-04-07,11050,1.2666,4.8624,2.5769,68.71415514,0.0,0.0
2021-04-08,11300,1.2639,7.7587,2.5388,67.16752447,0.0,0.0
2021-04-09,10640,1.2618,7.0939,2.5279,71.92660753000001,0.0,0.0
2021-04-10,8710,1.2412,5.6589,2.5237,67.07651298,0.0,0.0
2021-04-11,8030,1.245,4.122100000000001,2.5209,65.99785799,0.0,0.0
2021-04-12,11260,1.2862,8.0002,2.5967,74.658114,0.0,0.0
2021-04-13,10980,1.2771,7.2446,2.5784,73.61428645,0.0,0.0
2021-04-14,11390,1.2237,7.5025,2.5524,75.47584033000001,0.0,0.0
2021-04-15,10670,1.2187,7.652399999999999,2.5363,71.92826136000001,0.0,0.0
2021-04-16,11310,1.2862,6.3062,2.498,76.16239434,0.0,0.0
2021-04-17,8940,1.016,5.354,2.5034,71.76657967000001,0.0,0.0
2021-04-18,7230,1.0722,4.622,2.5118,59.35003377,0.0,0.0
2021-04-19,11810,1.2263,6.631799999999999,2.6055,103.32899601,0.0,0.0
2021-04-20,11980,1.2009,6.860399999999999,2.5623,95.65748751999999,0.0,0.0
2021-04-21,11870,1.2345,6.6338,2.5578,95.05159841999999,0.0,0.0
2021-04-22,11870,1.1972,6.043699999999999,2.5022,93.27798841,0.0,0.0
2021-04-23,11240,1.029,5.9901,2.5002,93.63788412,0.0,0.0
2021-04-24,8820,1.0313,5.351100000000001,2.468,78.69476101999999,0.0,0.0
2021-04-25,8490,1.0304,3.9609,2.4706,80.25784997000001,0.0,0.0
2021-04-26,12260,1.1893,6.5267,2.5051,100.65872505,0.0,0.0
2021-04-27,12190,1.2708,7.8454,2.491,93.0046924,0.0,0.0
2021-04-28,11800,1.2355,7.743300000000001,2.5109,88.36661,0.0,0.0
2021-04-29,11690,1.16,7.956399999999999,2.4124,86.51564414,0.0,0.0
2021-04-30,10900,1.2916,7.7576,2.4245,82.45426034,0.0,0.0
2021-05-01,8360,1.0609,7.6382,2.4637,71.41888997000001,0.0,0.0
2021-05-02,7530,0.9465,6.8723,2.5157,71.58904655,0.0,0.0
2021-05-03,12200,1.2402,7.7741,2.563600000000001,170.14590383,0.0,0.0
2021-05-04,13130,1.2446,7.7411,2.5383,189.17496565,0.0,0.0
2021-05-05,11200,1.2487,7.7054,2.5393,138.60944381,0.0,0.0
2021-05-06,9960,1.109,7.8912,2.5042,127.68620517,0.0,0.0
2021-05-07,8960,1.1261,6.1305,2.4561,83.58041161999999,0.0,0.0
2021-05-08,6850,0.9722000000000001,5.9312,2.448,56.51875689,0.0,0.0
2021-05-09,5140,0.7225,2.2889,2.4831,46.93669976999999,0.0,0.0
2021-05-10,8120,1.2497,2.519,2.5626,86.73935856,0.0,0.0
2021-05-11,9080,1.2719,2.7668,2.527,104.06272231,0.0,0.0
2021-05-12,8410,1.2637,2.5533,2.531,89.4964036,0.0,0.0
2021-05-13,7950,1.0965,2.5312,2.4925,72.11276697,0.0,0.0
2021-05-14,8010,1.2637,2.9804,2.4282,80.04399596999998,0.0,0.0
2021-05-15,6270,0.9846,3.8018,2.434,65.85148649000001,0.0,0.0
2021-05-16,5910,0.9778,3.958,2.436,71.15593075,0.0,0.0
2021-05-17,9060,1.2423,6.3133,2.5229,102.71891652,0.0,0.0
2021-05-18,9370,1.2876,6.5395,2.5085,108.7215485,0.0,0.0
2021-05-19,9470,1.3396,6.3183,2.8649,105.90031819,0.0,0.0
2021-05-20,9180,1.5809,5.049700000000001,2.8567,98.75230813,0.0,0.0
2021-05-21,7870,1.2683,5.1037,2.7406,81.44968159,0.0,0.0
2021-05-22,5920,1.1226,4.565799999999999,2.7414,60.52459899000001,0.0,0.0
2021-05-23,5310,0.8349000000000001,3.5494,2.7562,60.54769214,0.0,0.0
2021-05-24,8230,1.6701,5.1813,2.848,92.85532426999998,0.0,0.0
2021-05-25,8540,1.569,5.934099999999999,2.8537,76.14237088,0.0,0.0
2021-05-26,8040,1.5607,5.598100000000001,2.799,64.91277396,0.0,0.0
2021-05-27,8110,1.3283,4.299700000000001,2.7661,69.54010673999998,0.0,0.0
2021-05-28,8380,1.2732,6.315700000000001,2.7109,62.97490001,0.0,0.0
2021-05-29,5550,1.0403,3.0691,2.6111,51.61306084,0.0,0.0
2021-05-30,5870,0.9506,2.3196,2.6071,46.33592274999999,0.0,0.0
2021-05-31,5910,1.1287,2.2132,2.5943,54.46038592000001,0.0,0.0
2021-06-01,8380,1.6747,4.3361,2.8653,77.32307896,0.0,0.0
2021-06-02,8380,1.3372,4.0613,4.267200000000001,82.59599855,0.0,0.0
2021-06-03,8760,1.4171,6.418099999999999,10.5871,82.48305072999999,0.0,0.0
2021-06-04,8020,1.1905,9.825299999999999,8.0347,92.29586027,0.0,0.0
2021-06-05,6990,0.9085,7.8724,6.323099999999999,64.65183207,0.0,0.0
2021-06-06,6030,0.8772000000000001,7.885400000000001,5.311199999999999,63.30268265999999,0.0,0.0
2021-06-07,8150,1.6255,8.664,9.700299999999999,104.33839853,0.0,0.0
2021-06-08,9020,1.3391,10.4671,10.5724,96.89185567,0.0,0.0
2021-06-09,9810,1.4757,9.7637,13.3745,105.02354779,0.0,0.0
2021-06-10,8740,1.4101,9.277700000000001,16.8179,89.18951881000001,0.0,0.0
2021-06-11,7420,1.2398,8.277899999999999,11.3523,114.64705019,0.0,0.0
2021-06-12,5690,1.0097,6.014099999999999,8.2657,87.48695312,0.0,0.0
2021-06-13,5960,0.8654,6.034300000000001,8.4886,86.94905064,0.0,0.0
2021-06-14,8750,1.3336,7.631799999999999,11.8237,115.01840809,0.0,0.0
2021-06-15,8380,1.4918,6.599,15.7843,92.61958501,0.0,0.0
2021-06-16,8730,1.4929,7.1629,16.4599,92.93852068,0.0,0.0
2021-06-17,8560,1.5653,6.527699999999999,16.4795,91.44620426,0.0,0.0
2021-06-18,7880,1.5443,7.592,16.6389,81.85107673,0.0,0.0
2021-06-19,5770,0.9148,4.66,10.5098,66.37953685000001,0.0,0.0
2021-06-20,4870,0.938,3.856799999999999,10.5931,63.08976793,0.0,0.0
2021-06-21,7170,1.4848,7.390500000000001,18.3701,82.19087779,0.0,0.0
2021-06-22,8320,1.4039,8.264299999999999,16.4422,98.47171648,0.0,0.0
2021-06-23,8110,1.5968,8.804799999999998,15.8016,116.36107694,0.0,0.0
2021-06-24,7770,1.7432,9.166799999999999,15.0539,120.25815859,0.0,0.0
2021-06-25,7680,1.1418,8.729400000000002,17.6761,109.02144826,0.0,0.0
2021-06-26,5690,1.0701,4.7598,11.2066,91.85934853,0.0,0.0
2021-06-27,5110,1.0655,5.2843,9.4148,73.15368763000001,0.0,0.0
2021-06-28,7400,1.7801,6.561800000000001,18.0905,120.72476769,0.0,0.0
2021-06-29,7770,1.5,6.1377,16.373,123.39638907,0.0,0.0
2021-06-30,8740,1.4647,7.1577,15.8442,141.69523695,0.0,0.0
2021-07-01,7460,1.1405,8.226299999999998,15.4519,127.05978214,0.0,0.0
2021-07-02,7140,1.2714,7.333099999999999,11.4317,121.86599185,0.0,0.0
2021-07-03,5680,0.9677,4.6379,7.915100000000001,80.18562547,0.0,0.0
2021-07-04,4450,0.8318,3.2902,5.522099999999999,58.24384682,0.0,0.0
2021-07-05,5750,1.2598,5.6914,10.0394,97.25905454,0.0,0.0
2021-07-06,7720,1.5821,7.103899999999999,15.7565,121.63076418,0.0,0.0
2021-07-07,8360,1.5612,5.955900000000001,14.7547,134.39818883,0.0,0.0
2021-07-08,8980,1.6923,5.936799999999999,16.0699,166.20492991,0.0,0.0
2021-07-09,9150,1.4506,6.8179,12.1918,167.84461045,0.0,0.0
2021-07-10,6640,0.933,3.8968,9.039,127.14335424,0.0,0.0
2021-07-11,6020,0.9387000000000001,4.2743,7.438899999999999,107.69712031,0.0,0.0
2021-07-12,7990,1.2094,10.0309,13.6228,162.84651955,0.0,0.0
2021-07-13,8570,1.2606,11.2226,14.9067,196.14257278,0.0,0.0
2021-07-14,8960,1.4618,8.1575,16.343,194.57064508,0.0,0.0
2021-07-15,8660,1.1979,7.8677,13.9301,190.93787967,0.0,0.0
2021-07-16,7430,1.0166,8.9551,12.2186,168.49395505,0.0,0.0
2021-07-17,6680,1.0183,5.0027,8.3424,119.62266171,0.0,0.0
2021-07-18,4910,0.9557,4.392600000000001,7.609700000000001,87.26417428,0.0,0.0
2021-07-19,7140,1.448,9.7229,13.8096,151.43125944,0.0,0.0
2021-07-20,8170,1.6025,8.937100000000001,13.1057,161.59168598,0.0,0.0
2021-07-21,8750,1.3909,10.3506,12.5653,170.79634603,0.0,0.0
2021-07-22,8190,1.4513,8.774,32.9198,145.90345284,0.0,0.0
2021-07-23,7070,1.7991,9.5242,22.3051,108.70105956,0.0,0.0
2021-07-24,5590,1.538,5.437200000000001,21.8004,94.11862811,0.0,0.0
2021-07-25,4940,1.1284,5.559399999999999,21.4995,90.69743678,0.0,0.0
2021-07-26,8480,1.9912,12.6287,48.43519999999999,155.85879561,0.0,0.0
2021-07-27,7510,2.0078,16.9626,46.8355,136.57124311,0.0,0.0
2021-07-28,9670,1.2824,13.325,37.9451,199.34886473,0.0,0.0
2021-07-29,10480,1.5845,12.8391,25.2125,223.28106946,0.0,0.0
2021-07-30,8590,1.4919,12.5059,14.8589,223.6211145,0.0,0.0
2021-07-31,7240,1.3458,10.3469,14.284,166.01210404,0.0,0.0
2021-08-01,6690,1.2926,9.8088,13.8167,159.07191405,0.0,0.0
2021-08-02,8560,1.9191,11.6548,23.2582,214.87638911,0.0,0.0
2021-08-03,9660,1.6751,10.8152,22.5675,208.92393037,0.0,0.0
2021-08-04,9210,1.835,10.8443,15.4842,197.33755142,0.0,0.0
2021-08-05,12120,1.9642,11.755,18.5894,203.55341915,0.0,0.0
2021-08-06,10050,1.9439,12.9983,17.0847,188.10553626,0.0,0.0
2021-08-07,7140,1.1686,9.4002,11.7247,119.45799668,0.0,0.0
2021-08-08,6020,1.4416,7.8049,11.0955,117.121116,0.0,0.0
2021-08-09,8080,1.8751,11.8976,18.2321,169.8272384,0.0,0.0
2021-08-10,8780,2.2513,15.8069,14.9013,151.38782513,0.0,0.0
2021-08-11,9930,1.9738,18.7169,16.6046,133.46047016,0.0,0.0
2021-08-12,8930,1.6665,13.3787,15.7267,122.32207517,0.0,0.0
2021-08-27,11400,1.827,6.7199,15.2727,131.5542972,0.0,0.0
2021-08-28,9240,1.6124,5.129099999999999,11.0173,122.62771173,0.0,0.0
2021-08-29,7530,0.9731000000000001,5.3665,11.0568,123.15878098,0.0,0.0
2021-08-30,10140,1.9872,9.694,20.2647,154.90012665,0.0,0.0
2021-08-31,11570,1.9146,11.4743,17.693,213.69603785,0.0,0.0
2021-09-01,10220,2.2419,8.131099999999998,20.36,202.94114524,0.0,0.0
2021-09-02,9650,1.79,7.790100000000001,15.2498,195.92245783,0.0,0.0
2021-09-03,9530,1.6011,6.0686,13.3065,186.25354957,0.0,0.0
2021-09-04,7340,1.5001,5.1172,8.7157,147.40541038,0.0,0.0
2021-09-05,7070,1.4978,4.6178,6.814700000000001,176.57836942,0.0,0.0
2021-09-06,6870,1.5336,5.563,10.0639,180.41694202,0.0,0.0
2021-09-07,9020,2.0496,8.3335,13.5177,197.42975042,0.0,0.0
2021-09-08,9390,1.9253,6.523400000000001,13.9334,186.08366099,0.0,0.0
2021-09-09,8250,1.765,7.510599999999999,13.2367,154.92426663,0.0,0.0
2021-09-10,8240,1.8384,6.955900000000001,10.7674,141.53564617,0.0,0.0
2021-09-11,6660,1.0746,6.4002,6.5827,126.43781432,0.0,0.0
2021-09-12,6040,1.3342,5.255400000000001,6.425700000000001,114.2215571,0.0,0.0
2021-09-13,8190,2.1165,9.348799999999999,12.0566,172.562659,0.0,0.0
2021-09-14,9590,2.1281,8.5704,11.233,209.83266204,0.0,0.0
2021-09-15,9960,1.7631,7.8136,9.1449,179.94053178,0.0,0.0
2021-09-16,9770,2.2992,9.7209,10.4348,149.14059654,0.0,0.0
2021-09-17,8710,2.0729,9.893600000000001,8.999400000000001,125.33292701,0.0,0.0
2021-09-18,6990,1.2418,10.3376,6.627,128.48925807,0.0,0.0
2021-09-19,6380,1.2971,8.4404,5.757899999999999,140.10275355,0.0,0.0
2021-09-20,8550,1.7637,19.8219,12.6505,172.58453635,0.0,0.0
2021-09-21,9440,2.2647,18.5989,10.5982,250.79618331,0.0,0.0
2021-09-22,9600,1.5586,19.9447,8.6302,219.2907765,0.0,0.0
2021-09-23,10480,1.9916,18.1686,12.4837,232.27404359,0.0,0.0
2021-09-24,8840,1.483,14.6576,9.8883,196.14094235,0.0,0.0
2021-09-25,7400,1.4722,13.1601,7.1829,158.20487234,0.0,0.0
2021-09-26,7350,0.9332,11.2908,6.0374,149.42832699,0.0,0.0
2021-09-27,10170,1.8674,27.7331,10.4727,245.77892322,0.0,0.0
2021-09-28,9510,1.941,50.9298,11.3611,227.31579793,0.0,0.0
2021-09-29,9610,2.1961,25.0218,10.1581,230.2295476,0.0,0.0
2021-09-30,10210,1.8386,11.9398,10.8526,221.14753533,0.0,0.0
2021-10-01,9450,1.9217,15.3949,9.9499,190.10619724,0.0,0.0
2021-10-02,7870,1.3623,14.6298,7.1102,173.37191307,0.0,0.0
2021-10-03,6330,1.4761,14.971,5.8288,151.56271897,0.0,0.0
2021-10-04,9040,2.0001,17.6789,10.6696,244.082992,0.0,0.0
2021-10-05,9080,2.4919,17.2696,11.0656,235.1549484,0.0,0.0
2021-10-06,9310,1.6595,14.4255,8.120299999999999,223.08234226,0.0,0.0
2021-10-07,8650,1.9478,17.3375,9.843399999999999,180.8991742,0.0,0.0
2021-10-08,7150,1.8994,17.5781,8.709299999999999,152.00526676,0.0,0.0
2021-10-09,6470,1.1784,13.6853,5.0206,145.99650259,0.0,0.0
2021-10-10,6120,1.1324,14.7184,5.6262,168.69502323,0.0,0.0
2021-10-11,7570,2.0897,19.7301,8.8715,164.21123117,0.0,0.0
2021-10-12,8650,1.8479,17.1847,11.251,147.71124895,0.0,0.0
2021-10-13,8460,1.5291,17.0738,9.4009,132.50291402,0.0,0.0
2021-10-14,7610,1.9835,16.4893,9.289100000000001,97.29074825000001,0.0,0.0
2021-10-15,6020,1.9096,14.8335,7.6087,81.44792686,0.0,0.0
2021-10-16,5090,0.9924,14.6668,5.324599999999999,68.89274309999999,0.0,0.0
2021-10-17,4960,1.0926,11.4993,5.6189,63.7241666,0.0,0.0
2021-10-18,7140,2.0107,16.5823,9.604700000000001,111.44733862,0.0,0.0
2021-10-19,8040,1.9748,16.979,9.3126,126.6121164,0.0,0.0
2021-10-20,8050,2.1428,16.6189,9.483799999999999,128.6311335,0.0,0.0
2021-10-21,8260,1.8816,15.9549,10.8919,126.47819995,0.0,0.0
2021-10-22,6890,1.735,14.3523,8.221200000000001,110.3854456,0.0,0.0
2021-10-23,5700,1.2615,13.3116,5.7852,84.78726782999999,0.0,0.0
2021-10-24,4790,1.3597,12.9487,5.0543,73.84337278999999,0.0,0.0
2021-10-25,7470,2.0987,17.7614,12.198,149.43647773,0.0,0.0
2021-10-26,7690,1.7437,14.8941,10.6316,157.1183944,0.0,0.0
2021-10-27,7890,1.9535,20.3544,12.6927,145.86523693,0.0,0.0
2021-10-28,10210,2.1121,16.2269,12.999,131.99362186,0.0,0.0
2021-10-29,8920,1.7377,14.8999,10.4778,125.33492799,0.0,0.0
2021-10-30,5670,1.4387,14.9354,7.8205,86.47853740999999,0.0,0.0
2021-10-31,5150,1.2291,11.737,6.9688,84.42129622,0.0,0.0
2021-11-01,7950,2.1068,16.278,13.8351,140.13317592,0.0,0.0
2021-11-02,9630,2.3165,16.7267,13.4743,141.96558585,0.0,0.0
2021-11-03,8470,1.9261,16.571,13.994,128.59911377,0.0,0.0
2021-11-04,8550,2.0438,16.8978,13.9718,123.13696076,0.0,0.0
2021-11-05,7180,1.9215,16.5689,10.8402,107.68469232,0.0,0.0
2021-11-06,5930,1.1858,16.1496,7.407,84.97451678,0.0,0.0
2021-11-07,4720,1.1881,12.9176,6.6101,76.18076387,0.0,0.0
2021-11-08,6580,2.0781,14.8791,12.6666,108.43003363,0.0,0.0
2021-11-09,6750,1.6788,12.083,13.8818,115.58798367,0.0,0.0
2021-11-10,6960,2.1922,12.1399,11.9678,101.87425475,0.0,0.0
2021-11-11,7080,1.5433,12.9206,11.6074,79.95007335999999,0.0,0.0
2021-11-12,6240,1.2604,14.1348,10.1535,66.57147952999999,0.0,0.0
2021-11-13,4170,1.295,11.4057,6.6351,54.07643118,0.0,0.0
2021-11-14,4100,1.1073,10.6034,7.9292,49.08184993,0.0,0.0
2021-11-15,5490,1.8592,13.3236,15.4434,64.93690003,0.0,0.0
2021-11-16,6310,2.3033,14.8182,15.4663,72.69012588000001,0.0,0.0
2021-11-17,6440,1.8984,16.4087,11.4325,94.47194243,0.0,0.0
2021-11-18,6850,1.7013,13.9492,12.4882,100.31256258,0.0,0.0
2021-11-19,6220,1.7834,13.6574,12.0216,100.63603728,0.0,0.0
2021-11-20,6140,1.3602,11.5167,6.5242,88.26808426999999,0.0,0.0
2021-11-21,4870,1.1476,10.543,6.730599999999999,77.60607612,0.0,0.0
2021-11-22,6540,1.8563,16.2396,12.4524,117.28952481,0.0,0.0
2021-11-23,6560,1.7851,15.7458,12.1268,132.95856651,0.0,0.0
2021-11-24,6620,1.5322,16.1795,9.5325,105.67604334,0.0,0.0
2021-11-25,4150,1.1124,10.0227,4.6566,72.02493424000001,0.0,0.0
2021-11-26,5120,1.8282,14.8575,7.299600000000001,98.3665674,0.0,0.0
2021-11-27,5490,1.4115,14.1339,6.284700000000001,97.00519557,0.0,0.0
2021-11-28,5040,1.608,19.1192,6.0609,93.66390776,0.0,0.0
2021-11-29,6830,2.2863,22.8975,12.0901,139.88134429,0.0,0.0
2021-11-30,7550,2.3001,23.437,12.4799,155.25864323,0.0,0.0
2021-12-01,6970,1.6411,15.2766,13.0705,135.62823887,0.0,0.0
2021-12-02,6700,2.0159,17.5142,12.4777,121.59530944,0.0,0.0
2021-12-03,6920,2.3158,17.3862,11.4348,118.71317221,0.0,0.0
2021-12-04,5160,1.7323,15.3407,7.073600000000001,89.09529502000002,0.0,0.0
2021-12-05,4830,1.1772,11.4637,6.2045,88.45649036,0.0,0.0
2021-12-06,6380,2.2837,16.1994,11.1773,138.52910377,0.0,0.0
2021-12-07,7030,2.5322,14.9093,11.7813,139.86286574,0.0,0.0
2021-12-08,6550,2.3378,15.6222,12.4109,127.37641566,0.0,0.0
2021-12-09,6250,1.9182,19.6413,10.7812,137.21649464,0.0,0.0
2021-12-10,6140,1.7101,15.6427,10.7625,116.39365955,0.0,0.0
2021-12-11,4850,1.4801,6.9813,6.4507,98.53688627,0.0,0.0
2021-12-12,4440,1.6783,8.0123,6.753400000000001,90.98569246000001,0.0,0.0
2021-12-13,5870,2.4339,12.36,10.7807,139.00718067,0.0,0.0
2021-12-14,6700,1.9553,16.4633,10.998,145.25976131,0.0,0.0
2021-12-15,6350,1.7551,18.2855,10.703,128.84233599,0.0,0.0
2021-12-16,6400,2.038,17.3448,11.3244,135.05135484,0.0,0.0
2021-12-17,5630,1.244,14.5599,11.1801,103.37160533,0.0,0.0
2021-12-18,4790,0.0,10.5751,7.293099999999999,76.94626147999999,0.0,0.0
2021-12-19,4140,0.0,11.1352,6.646199999999999,80.26591330000001,0.0,0.0
2021-12-20,5810,0.0,19.4984,10.3581,120.28755876,0.0,0.0
2021-12-21,5950,0.0,20.0739,12.112,110.44814381,0.0,5.4857
2021-12-22,6140,0.0,18.0716,11.8826,105.84639306,0.0,5.057099999999999
2021-12-23,5490,0.0,19.08,9.1998,94.98711903,0.0,5.4112
2021-12-24,4740,0.0,19.433,5.6189,69.50966307000002,0.0,5.4173
2021-12-25,3350,0.0,13.3548,4.850299999999999,56.11084795,0.0,5.5
2021-12-26,3850,0.0,18.4274,6.5936,66.63701652,0.0,5.1746
2021-12-27,5670,0.0,24.3465,10.9631,131.58323687,0.0,5.5
2021-12-28,7170,1.1837,28.4866,11.5547,132.68621302,0.0,5.5
2021-12-29,6990,2.0514,26.712,11.949,132.72228329,0.0,5.256699999999999
2021-12-30,6670,1.7081,27.9159,11.4165,126.4752327,0.0,5.5
2021-12-31,5580,1.389,24.5625,9.2633,103.19577762,0.0,1.4202
2022-01-01,4600,1.4266,18.3232,8.047699999999999,95.18297349000001,0.0,0.5709
2022-01-02,4730,1.5961,18.5431,6.762200000000001,90.78504514000001,0.0,0.5244
2022-01-03,6880,2.6522,39.557,13.7352,129.4512712,0.0,13.3389
2022-01-04,7750,2.5808,42.1225,12.7575,129.54693075,0.0,16.3472
2022-01-05,7110,1.9106,32.219,12.8519,150.78579405,0.0,16.5
2022-01-06,7460,2.5983,13.3779,12.2705,146.27350658,0.0,6.0179
2022-01-07,6590,1.8018,12.2429,9.5545,115.81943759,0.0,16.5
2022-01-08,5940,1.2936,11.6993,7.307,107.57543931,0.0,16.5
2022-01-09,5470,1.2904,11.8789,7.6965,93.35272538000002,0.0,16.5
2022-01-10,7320,2.0385,11.5846,16.3642,176.95544396,0.0,16.5
2022-01-11,8750,2.6938,13.5553,15.6233,284.68861675,0.0,19.0
2022-01-12,8610,1.9089,14.4349,14.8875,290.62127969,0.0,19.0
2022-01-13,8500,1.7412,14.3897,14.8051,282.60675877,0.0,19.0
2022-01-14,7090,1.5091,9.447299999999998,11.0561,163.68926838,0.0,10.8936
2022-01-15,6940,1.5351,9.787700000000001,9.2552,180.00250028,0.0,17.8439
2022-01-16,6370,1.669,8.376100000000001,9.0786,153.54660522,0.0,18.7597
2022-01-17,7320,1.8355,12.0882,12.6756,176.92275601,0.0,19.0
2022-01-18,8390,1.8106,16.4821,17.5996,222.49002663,0.0,19.0
2022-01-19,8690,2.4035,26.0421,16.7995,249.8830719,0.0,19.0
2022-01-20,9310,2.9807,44.6911,15.2064,255.56352331,0.0,19.0
2022-01-21,8620,2.0018,38.8286,15.8283,257.71465134,0.0,19.0
2022-01-22,7210,1.5186,25.4987,10.7127,231.9634769,0.0,19.0
2022-01-23,6980,1.4633,20.2002,8.498899999999999,232.9091632,0.0,19.0
2022-01-24,9150,2.1057,27.2543,18.1026,326.02192924,0.0,19.0
2022-01-25,9740,2.2468,26.0674,16.6971,314.24428403,0.0,16.5442
2022-01-26,8780,2.1455,28.2102,16.5162,293.63260522,0.0,19.0
2022-01-27,8730,2.0854,29.8579,15.9434,271.05221849,0.0,19.0
2022-01-28,8410,2.0978,26.57560000000001,17.01170558,266.62260338,0.0,19.0
2022-01-29,6800,1.6501,21.983,9.47902729,213.8812665,0.0,14.7101
2022-01-30,5880,1.5643,14.7952,8.78349672,177.81627856,0.0,0.6363
2022-01-31,7280,2.3429,27.6821,15.9021,236.87615125,0.0,0.578
2022-02-01,8350,3.0232,25.1614,15.9272,259.65788728,0.0,14.9241
2022-02-02,8990,2.7794,22.5021,16.317,276.3031103500001,0.0,19.0
2022-02-03,9000,2.7011,26.9771,15.6431,279.44059164,0.0,19.0
2022-02-04,8390,2.6559,31.3307,17.0608,254.03986727,0.0,18.8253
2022-02-05,7210,1.7169,31.0571,10.275,212.79530148,0.0,18.4968
2022-02-06,6120,1.6642,23.3956,9.9039,190.91622258,0.0,19.0
2022-02-07,8420,2.268,31.193,21.1194,280.5624165099999,0.0,19.0
2022-02-08,9010,2.6724,36.1679,20.8109,277.56479054,0.0,19.0
2022-02-09,9170,2.601,38.1631,18.2314,269.20165435,0.0,19.0
2022-02-10,7230,2.0226,28.6015,14.3913,187.59421048,0.0,19.0
2022-02-11,7890,2.084,24.5344,18.9207,227.88390824,0.0,19.0
2022-02-12,5100,1.1953,15.0286,10.3435,165.95988859,0.0,0.0
2022-02-13,6020,1.1796,21.6428,13.7197,187.01500027,0.0,0.0
2022-02-14,5690,2.454,52.163,33.0714,155.82054142,0.0,0.0
2022-02-15,6470,2.6394,58.968,32.6799,169.3717914,0.0,0.0
2022-02-16,7330,2.481,51.2346,31.4082,273.78594147,0.0,20.5
2022-02-17,6570,2.7302,50.8822,24.507,217.14765597,0.0,20.5
2022-02-18,6920,2.873,50.28230000000001,21.9432,205.55424483,0.0,20.5
2022-02-19,5440,2.1334,48.0298,12.9091,144.97202593,0.0,20.5
2022-02-20,4960,2.3498,49.76690000000001,12.5805,154.8879855,0.0,20.5
2022-02-21,6710,3.1492,49.8068,27.5431,179.67392693,0.0,20.5
2022-02-22,7130,3.2239,43.40260000000001,27.8022,216.4640557,0.0,20.5
2022-02-23,7340,2.8109,39.6549,27.8624,244.5712619000001,0.0,32.7294
2022-02-24,7570,2.6224,24.5518,26.4168,246.15996163,0.0,20.5
2022-02-25,7890,2.6337,26.2655,24.5188,231.68611017,0.0,20.5
2022-02-26,6270,1.6796,16.9557,12.319,173.94998291,0.0,20.5
2022-02-27,5940,2.2136,20.878,15.2003,161.00113449,0.0,19.99
2022-02-28,7520,2.7725,36.9555,25.7749,177.82250687,0.0,20.5
2022-03-01,9330,2.3051,93.06569999999999,25.7651,200.67496746,0.0,20.5
2022-03-02,9890,2.3077,100.5945,27.1505,210.70622638,0.0,35.5
2022-03-03,9530,2.0294,96.65469999999999,28.8844,222.95105745,0.0,34.8184
2022-03-04,8690,2.7869,75.6768,25.1822,220.1167068,0.0,35.5
2022-03-05,7480,1.7809,67.19839999999999,17.6913,168.2514035,0.0,35.5
2022-03-06,7220,1.5995,63.5116,16.5117,166.47795434,0.0,35.5
2022-03-07,9140,2.3208,78.9812,30.8403,224.41013888,0.0,25.4172
2022-03-08,6930,4.824199999999999,59.4393,35.1996,350.61101084,0.0,23.4848
2022-03-09,10250,4.9752,55.8874,39.6565,298.18309579,0.0,29.9829
2022-03-10,11710,4.740699999999999,62.8991,54.5517,321.92990242,0.0,34.2896
2022-03-11,10110,3.8721,66.0663,39.6121,210.79001498,0.0,34.4716
2022-03-12,10080,4.692399999999999,40.111,30.8245,318.42492836,0.0,34.5628
2022-03-13,10040,4.6425,34.2028,29.0448,318.47732562,0.0,30.7351
2022-03-14,11600,4.71,49.7711,58.57680000000001,414.99644795,0.0,32.9038
2022-03-15,12360,4.7238,69.1738,49.8664,389.93250911,0.0,34.6884
2022-03-16,12820,4.652200000000001,72.1574,46.4746,379.58751763,0.0,35.1785
2022-03-17,12500,4.6975,64.7177,39.7726,368.54533474,0.0,35.0939
2022-03-18,12000,4.8706,54.9616,41.19260000000001,351.45260639,0.0,33.9341
2022-03-19,10600,4.2706,65.002,26.8543,361.3042540900001,0.0,29.2675
2022-03-20,9170,3.5871,63.2184,23.9146,354.45609499,0.0,0.0
2022-03-21,12370,4.6485,70.7361,48.2603,412.63744282,0.0,33.9539
2022-03-22,13400,3.9317,24.8855,28.6642,366.22352565,0.0,34.05119999999999
2022-03-23,11720,4.8841,0.0,19.7115,355.5918513,0.0,14.9934
2022-03-24,9440,3.3004,0.0,17.1038,251.73779522,0.0,14.8446
2022-03-25,7760,3.5266,0.0,14.3494,190.1682761,0.0,14.8436
2022-03-26,5710,2.6993,0.0,10.1628,230.69424743,0.0,14.4949
2022-03-27,6280,2.4515,0.0,12.2483,271.14688138,0.0,14.7659
2022-03-28,9280,3.5969,0.0,19.697,374.2553626,0.0,14.7283
2022-03-29,9220,4.294,0.0,19.1815,277.29423003,0.0,14.4183
2022-03-30,8880,3.8622,0.0,19.8297,290.97644066,0.0,14.2645
2022-03-31,9270,5.939299999999999,0.0,22.5662,263.61515716,0.0,14.4189
2022-04-01,8030,4.418699999999999,0.0,17.4228,285.17544796,0.0,6.2225
2022-04-02,6180,2.6763,0.0,11.7232,269.359091,0.0,0.0
2022-04-03,5830,3.7307,0.0,14.906,262.01145233,0.0,0.0
2022-04-04,9000,2.5656,31.5295,34.7468,333.48254587,0.0,26.9911
2022-04-05,9830,2.8913,79.9004,41.6136,306.39969926,0.0,27.0128
2022-04-06,9540,4.163600000000001,25.8987,40.4971,299.69653345,0.0,37.6419
2022-04-07,10040,2.2648,25.9353,37.872,292.4947953,0.0,37.59269999999999
2022-04-08,9480,1.8133,25.1546,40.7393,257.19423151,0.0,37.0668
2022-04-09,9210,1.6501,13.1558,41.181,228.8769706,0.0,35.513
2022-04-10,7830,2.0752,13.1158,47.31010000000001,253.86925404,0.0,1.6817
2022-04-11,10430,2.555,16.7024,51.328,318.3874715000001,0.0,35.0389
2022-04-12,10680,2.1125,22.8938,44.7977,268.63469909,0.0,35.46
2022-04-13,10080,3.0206,25.4544,46.8432,243.05590932,0.0,31.0011
2022-04-14,10450,5.813899999999999,24.7152,75.9308,225.59218,0.0,0.0
2022-04-15,9540,4.5741,26.0517,61.4545,202.75061146,0.0,0.0
2022-04-16,7720,3.9644,27.3235,47.9615,156.4598639,0.0,0.0
2022-04-17,6620,4.0544,27.1752,52.3828,153.28124628,0.0,0.0
2022-04-18,10390,8.1232,28.436,61.2949,355.17511626,0.0,10.3111
2022-04-19,13050,8.4315,28.1245,60.8821,336.75066813,0.0,15.5
2022-04-20,12480,9.3131,27.8489,57.2662,291.98011529,0.0,15.7221
2022-04-21,11090,11.2547,21.4244,53.80760000000001,270.23480214,0.0,18.312
2022-04-22,11100,9.3173,19.9793,47.46510000000001,243.34307292,0.0,18.1413
2022-04-23,8780,4.1989,17.7482,35.2136,208.7305023,0.0,17.5125
2022-04-24,8660,5.9675,11.8699,32.4744,233.06496194,0.0,17.7414
2022-04-25,11640,10.2817,16.988,49.39380000000001,268.55640871,0.0,17.8425
2022-04-26,10950,11.0142,16.2647,41.8142,243.74242611,0.0,18.508
2022-04-27,11220,22.3728,13.413,74.87819999999999,228.00148652,0.0,13.1885
2022-04-28,11330,27.3658,8.297,137.05,236.74924747,0.0,15.3512
2022-04-29,10680,12.9348,8.243,220.3781,218.06385894,0.0,15.1279
2022-04-30,9920,13.2215,4.4206,142.3324,199.16695865,0.0,15.5
2022-05-01,8470,17.2264,8.353099999999998,130.3525,207.17068877,0.0,15.5
2022-05-02,10900,22.3854,8.2642,141.2909,261.80584939,0.0,5.7015
2022-05-03,13000,18.6425,11.6049,139.1587,270.23173107,0.0,29.8919
2022-05-04,13450,27.3209,15.0632,136.1257,233.71961834,0.0,22.8116
2022-05-05,11000,27.3885,14.2402,136.3086,200.1745195,0.0,20.5
2022-05-06,12740,27.5181,14.1977,124.4444,238.91952308,0.0,20.5
2022-05-07,13140,27.1906,11.8507,108.4481,184.16624432,25.6223,20.492
2022-05-08,8720,27.982,20.9185,26.5432,50.48383488,25.8031,21.1144
2022-05-09,10630,27.6897,21.9017,47.154,112.78784487,25.7932,20.4795
2022-05-28,10930,0.0,0.0,38.461,64.78829080999999,21.9392,0.0
2022-05-29,10510,0.0,0.0,45.635,89.63852679,21.6736,0.0
2022-05-30,13160,7.4243,0.0,91.3667,133.68323351,20.1716,0.0
2022-05-31,13270,31.7645,0.0,112.9009,100.07220142,20.6792,0.0
